d,agent_energy0,pred_energy0,arm,seed,outcome,event_time,censored_at_10s,steps_run,min_separation,min_separation_time,time_chase,time_circle,time_no_target,time_sleep,time_unidentified,predicate_mismatches,decision_steps,first_pred_perception_loss,first_sleep,first_wake_after_sleep,first_below_sprint_threshold,first_sprint_clamp,first_circle,first_chase,sleep_agent_energy,sleep_separation,sleep_escape_displacement,sleep_agent_energy_ge_20pct,survived_until_pred_sleep,final_t,final_agent_energy,final_separation,final_escape_displacement,final_pred_energy,pred_asleep_at_end,agent_energy_used,agent_move_cost,agent_turn_cost,agent_drain_derived,pred_displacement,pred_displacement_along_escape,pred_energy_used,runtime_sec,trajectory_digest_norng,trajectory_digest,validity
80,150,101,S0,0,captured,0.5,False,5,5.0,0.5,0.5,0,0,0,0,0,5,not observed before death/horizon,not observed before death/horizon,not observed before death/horizon,not observed before death/horizon,not observed before death/horizon,not observed before death/horizon,0.1,not observed before death/horizon,not observed before death/horizon,not observed before death/horizon,not observed before death/horizon,False,0.5,,,-0.0,200.0,False,0.4999999999999716,0.0,0.0,0.4999999999999716,75.0,75.0,-99.0,0.00845550000667572,fa81cbf52b685b35,dfb1c3f5420e03a0,valid
80,150,101,A10,0,captured,1.4,False,14,10.0,1.4,1.4,0,0,0,0,0,14,not observed before death/horizon,not observed before death/horizon,not observed before death/horizon,not observed before death/horizon,not observed before death/horizon,not observed before death/horizon,0.1,not observed before death/horizon,not observed before death/horizon,not observed before death/horizon,not observed before death/horizon,False,1.4,,,140.0,200.0,False,8.89999999999992,7.0,0.5,1.3999999999999204,210.0,210.0,-99.0,0.012343999929726124,56f6f5ea735f9b98,3bc8ee8e15f5bcfa,valid
80,150,101,F10,0,captured,1.4,False,14,10.0,1.4,1.3,0.1,0,0,0,0,14,not observed before death/horizon,not observed before death/horizon,not observed before death/horizon,not observed before death/horizon,not observed before death/horizon,0.1,0.2,not observed before death/horizon,not observed before death/horizon,not observed before death/horizon,not observed before death/horizon,False,1.4,,,140.0,200.0,False,8.39999999999992,7.0,0.0,1.3999999999999204,210.0,210.0,-99.0,0.012359699932858348,91eacc9ed7ceed17,4a26e558c97bf3b0,valid
80,150,101,A15,0,captured,5.0,False,50,14.0,5.0,5.0,0,0,0,0,0,50,not observed before death/horizon,not observed before death/horizon,not observed before death/horizon,1.7,1.7,not observed before death/horizon,0.1,not observed before death/horizon,not observed before death/horizon,not observed before death/horizon,not observed before death/horizon,False,5.0,,,580.0,105.00000000000038,False,70.49999999999972,65.0,0.5,4.999999999999716,646.0,646.0,-4.000000000000384,0.05794690002221614,976d0359bb5320f0,bfb3c633759835d6,valid
80,150,101,F15,0,captured,5.5,False,55,14.0,5.5,3.7,1.8,0,0,0,0,55,not observed before death/horizon,not observed before death/horizon,not observed before death/horizon,1.8,1.8,0.1,1.9,not observed before death/horizon,not observed before death/horizon,not observed before death/horizon,not observed before death/horizon,False,5.5,,,635.0,97.25000000000041,False,75.49999999999969,70.0,0.0,5.499999999999687,701.0,701.0,3.749999999999588,0.06899389997124672,29c03fb8332ac8cc,7f3efa069a3638a4,valid
80,150,101,A20,0,captured,6.0,False,60,14.0,6.0,6.0,0,0,0,0,0,60,not observed before death/horizon,not observed before death/horizon,not observed before death/horizon,1.0,1.0,not observed before death/horizon,0.1,not observed before death/horizon,not observed before death/horizon,not observed before death/horizon,not observed before death/horizon,False,6.0,,,690.0,88.50000000000043,False,81.49999999999966,75.0,0.5,5.999999999999659,756.0,756.0,12.499999999999574,0.05673270008992404,2bc48bf355b2299d,260e0a283e331f91,valid
80,150,101,F20,0,captured,6.0,False,60,14.0,6.0,4.1,1.9,0,0,0,0,60,not observed before death/horizon,not observed before death/horizon,not observed before death/horizon,1.0,1.0,0.1,2.0,not observed before death/horizon,not observed before death/horizon,not observed before death/horizon,not observed before death/horizon,False,6.0,,,690.0,89.00000000000043,False,80.99999999999966,75.0,0.0,5.999999999999659,756.0,756.0,11.999999999999574,0.04849990003276616,4cfb106a6b266d02,a36729b57dbb6c88,valid
80,150,101,S0,1,captured,0.5,False,5,5.0,0.5,0.5,0,0,0,0,0,5,not observed before death/horizon,not observed before death/horizon,not observed before death/horizon,not observed before death/horizon,not observed before death/horizon,not observed before death/horizon,0.1,not observed before death/horizon,not observed before death/horizon,not observed before death/horizon,not observed before death/horizon,False,0.5,,,-0.0,200.0,False,0.4999999999999716,0.0,0.0,0.4999999999999716,75.0,75.0,-99.0,0.004445800092071295,fa81cbf52b685b35,63c6156cdfcc74b4,valid
80,150,101,A10,1,captured,1.4,False,14,10.0,1.4,1.4,0,0,0,0,0,14,not observed before death/horizon,not observed before death/horizon,not observed before death/horizon,not observed before death/horizon,not observed before death/horizon,not observed before death/horizon,0.1,not observed before death/horizon,not observed before death/horizon,not observed before death/horizon,not observed before death/horizon,False,1.4,,,140.0,200.0,False,8.89999999999992,7.0,0.5,1.3999999999999204,210.0,210.0,-99.0,0.00983779993839562,56f6f5ea735f9b98,aa179c386059bf09,valid
80,150,101,F10,1,captured,1.4,False,14,10.0,1.4,1.3,0.1,0,0,0,0,14,not observed before death/horizon,not observed before death/horizon,not observed before death/horizon,not observed before death/horizon,not observed before death/horizon,0.1,0.2,not observed before death/horizon,not observed before death/horizon,not observed before death/horizon,not observed before death/horizon,False,1.4,,,140.0,200.0,False,8.39999999999992,7.0,0.0,1.3999999999999204,210.0,210.0,-99.0,0.011137600056827068,91eacc9ed7ceed17,99d235c99b714f48,valid
80,150,101,A15,1,captured,5.0,False,50,14.0,5.0,5.0,0,0,0,0,0,50,not observed before death/horizon,not observed before death/horizon,not observed before death/horizon,1.7,1.7,not observed before death/horizon,0.1,not observed before death/horizon,not observed before death/horizon,not observed before death/horizon,not observed before death/horizon,False,5.0,,,580.0,105.00000000000038,False,70.49999999999972,65.0,0.5,4.999999999999716,646.0,646.0,-4.000000000000384,0.041402800008654594,976d0359bb5320f0,a67fd1d64c5b30a9,valid
80,150,101,F15,1,captured,5.5,False,55,14.0,5.5,3.7,1.8,0,0,0,0,55,not observed before death/horizon,not observed before death/horizon,not observed before death/horizon,1.8,1.8,0.1,1.9,not observed before death/horizon,not observed before death/horizon,not observed before death/horizon,not observed before death/horizon,False,5.5,,,635.0,97.25000000000041,False,75.49999999999969,70.0,0.0,5.499999999999687,701.0,701.0,3.749999999999588,0.05332569999154657,29c03fb8332ac8cc,6fa8fff0145da489,valid
80,150,101,A20,1,captured,6.0,False,60,14.0,6.0,6.0,0,0,0,0,0,60,not observed before death/horizon,not observed before death/horizon,not observed before death/horizon,1.0,1.0,not observed before death/horizon,0.1,not observed before death/horizon,not observed before death/horizon,not observed before death/horizon,not observed before death/horizon,False,6.0,,,690.0,88.50000000000043,False,81.49999999999966,75.0,0.5,5.999999999999659,756.0,756.0,12.499999999999574,0.044456600095145404,2bc48bf355b2299d,33f7eb7049fd82f1,valid
80,150,101,F20,1,captured,6.0,False,60,14.0,6.0,4.1,1.9,0,0,0,0,60,not observed before death/horizon,not observed before death/horizon,not observed before death/horizon,1.0,1.0,0.1,2.0,not observed before death/horizon,not observed before death/horizon,not observed before death/horizon,not observed before death/horizon,False,6.0,,,690.0,89.00000000000043,False,80.99999999999966,75.0,0.0,5.999999999999659,756.0,756.0,11.999999999999574,0.05844890000298619,4cfb106a6b266d02,c9a08afd32e5efbc,valid
80,150,101,S0,2,captured,0.5,False,5,5.0,0.5,0.5,0,0,0,0,0,5,not observed before death/horizon,not observed before death/horizon,not observed before death/horizon,not observed before death/horizon,not observed before death/horizon,not observed before death/horizon,0.1,not observed before death/horizon,not observed before death/horizon,not observed before death/horizon,not observed before death/horizon,False,0.5,,,-0.0,200.0,False,0.4999999999999716,0.0,0.0,0.4999999999999716,75.0,75.0,-99.0,0.004844499984756112,fa81cbf52b685b35,7b17018c9f34936f,valid
80,150,101,A10,2,captured,1.4,False,14,10.0,1.4,1.4,0,0,0,0,0,14,not observed before death/horizon,not observed before death/horizon,not observed before death/horizon,not observed before death/horizon,not observed before death/horizon,not observed before death/horizon,0.1,not observed before death/horizon,not observed before death/horizon,not observed before death/horizon,not observed before death/horizon,False,1.4,,,140.0,200.0,False,8.89999999999992,7.0,0.5,1.3999999999999204,210.0,210.0,-99.0,0.010426199994981289,56f6f5ea735f9b98,217c36af48ed04b2,valid
80,150,101,F10,2,captured,1.4,False,14,10.0,1.4,1.3,0.1,0,0,0,0,14,not observed before death/horizon,not observed before death/horizon,not observed before death/horizon,not observed before death/horizon,not observed before death/horizon,0.1,0.2,not observed before death/horizon,not observed before death/horizon,not observed before death/horizon,not observed before death/horizon,False,1.4,,,140.0,200.0,False,8.39999999999992,7.0,0.0,1.3999999999999204,210.0,210.0,-99.0,0.013674300047568977,91eacc9ed7ceed17,c173b56fcf0aa9c8,valid
80,150,101,A15,2,captured,5.0,False,50,14.0,5.0,5.0,0,0,0,0,0,50,not observed before death/horizon,not observed before death/horizon,not observed before death/horizon,1.7,1.7,not observed before death/horizon,0.1,not observed before death/horizon,not observed before death/horizon,not observed before death/horizon,not observed before death/horizon,False,5.0,,,580.0,105.00000000000038,False,70.49999999999972,65.0,0.5,4.999999999999716,646.0,646.0,-4.000000000000384,0.04808849992696196,976d0359bb5320f0,4659d0cee8bcc03d,valid
80,150,101,F15,2,captured,5.5,False,55,14.0,5.5,3.7,1.8,0,0,0,0,55,not observed before death/horizon,not observed before death/horizon,not observed before death/horizon,1.8,1.8,0.1,1.9,not observed before death/horizon,not observed before death/horizon,not observed before death/horizon,not observed before death/horizon,False,5.5,,,635.0,97.25000000000041,False,75.49999999999969,70.0,0.0,5.499999999999687,701.0,701.0,3.749999999999588,0.04947019997052848,29c03fb8332ac8cc,b7883300f1409ab1,valid
80,150,101,A20,2,captured,6.0,False,60,14.0,6.0,6.0,0,0,0,0,0,60,not observed before death/horizon,not observed before death/horizon,not observed before death/horizon,1.0,1.0,not observed before death/horizon,0.1,not observed before death/horizon,not observed before death/horizon,not observed before death/horizon,not observed before death/horizon,False,6.0,,,690.0,88.50000000000043,False,81.49999999999966,75.0,0.5,5.999999999999659,756.0,756.0,12.499999999999574,0.04911229992285371,2bc48bf355b2299d,8d727633fba873c9,valid
80,150,101,F20,2,captured,6.0,False,60,14.0,6.0,4.1,1.9,0,0,0,0,60,not observed before death/horizon,not observed before death/horizon,not observed before death/horizon,1.0,1.0,0.1,2.0,not observed before death/horizon,not observed before death/horizon,not observed before death/horizon,not observed before death/horizon,False,6.0,,,690.0,89.00000000000043,False,80.99999999999966,75.0,0.0,5.999999999999659,756.0,756.0,11.999999999999574,0.05643110000528395,4cfb106a6b266d02,b71d5caa27ca011f,valid
80,150,200,S0,0,captured,0.5,False,5,5.0,0.5,0.5,0,0,0,0,0,5,not observed before death/horizon,not observed before death/horizon,not observed before death/horizon,not observed before death/horizon,not observed before death/horizon,not observed before death/horizon,0.1,not observed before death/horizon,not observed before death/horizon,not observed before death/horizon,not observed before death/horizon,False,0.5,,,-0.0,200.0,False,0.4999999999999716,0.0,0.0,0.4999999999999716,75.0,75.0,0.0,0.008637299994006753,b778f3fe9b220efb,6b26762b232bd441,valid
80,150,200,A10,0,captured,1.4,False,14,10.0,1.4,1.4,0,0,0,0,0,14,not observed before death/horizon,not observed before death/horizon,not observed before death/horizon,not observed before death/horizon,not observed before death/horizon,not observed before death/horizon,0.1,not observed before death/horizon,not observed before death/horizon,not observed before death/horizon,not observed before death/horizon,False,1.4,,,140.0,200.0,False,8.89999999999992,7.0,0.5,1.3999999999999204,210.0,210.0,0.0,0.020618800073862076,e5b1df53b2e2eeaf,3290424d27dae3ab,valid
80,150,200,F10,0,captured,1.4,False,14,10.0,1.4,1.3,0.1,0,0,0,0,14,not observed before death/horizon,not observed before death/horizon,not observed before death/horizon,not observed before death/horizon,not observed before death/horizon,0.1,0.2,not observed before death/horizon,not observed before death/horizon,not observed before death/horizon,not observed before death/horizon,False,1.4,,,140.0,200.0,False,8.39999999999992,7.0,0.0,1.3999999999999204,210.0,210.0,0.0,0.022164300084114075,c3b04067681c21f0,7b609435acbfc499,valid
80,150,200,A15,0,captured,3.0,False,30,10.0,3.0,3.0,0,0,0,0,0,30,not observed before death/horizon,not observed before death/horizon,not observed before death/horizon,1.7,1.7,not observed before death/horizon,0.1,not observed before death/horizon,not observed before death/horizon,not observed before death/horizon,not observed before death/horizon,False,3.0,,,380.0,200.0,False,58.49999999999983,55.0,0.5,2.9999999999998295,450.0,450.0,0.0,0.049425800098106265,750a6375db5bc592,157fcdeeb9d7943d,valid
80,150,200,F15,0,captured,3.1,False,31,10.0,3.1,1.3,1.8,0,0,0,0,31,not observed before death/horizon,not observed before death/horizon,not observed before death/horizon,1.8,1.8,0.1,1.9,not observed before death/horizon,not observed before death/horizon,not observed before death/horizon,not observed before death/horizon,False,3.1,,,395.0,200.0,False,61.099999999999824,58.0,0.0,3.099999999999824,465.0,465.0,0.0,0.05837519990745932,637d19e5e7979e10,3b98e2c98b81bc92,valid
80,150,200,A20,0,captured,3.2,False,32,10.0,3.2,3.2,0,0,0,0,0,32,not observed before death/horizon,not observed before death/horizon,not observed before death/horizon,1.0,1.0,not observed before death/horizon,0.1,not observed before death/horizon,not observed before death/horizon,not observed before death/horizon,not observed before death/horizon,False,3.2,,,410.0,200.0,False,64.69999999999982,61.0,0.5,3.199999999999818,480.0,480.0,0.0,0.06026719999499619,e20fbbebee1173e5,ade6fb93453e7980,valid
80,150,200,F20,0,captured,3.2,False,32,10.0,3.2,1.3,1.9,0,0,0,0,32,not observed before death/horizon,not observed before death/horizon,not observed before death/horizon,1.0,1.0,0.1,2.0,not observed before death/horizon,not observed before death/horizon,not observed before death/horizon,not observed before death/horizon,False,3.2,,,410.0,200.0,False,64.19999999999982,61.0,0.0,3.199999999999818,480.0,480.0,0.0,0.06128230004105717,b8d5ce2fbb2d42ec,388a47a3115e03c1,valid
80,150,200,S0,1,captured,0.5,False,5,5.0,0.5,0.5,0,0,0,0,0,5,not observed before death/horizon,not observed before death/horizon,not observed before death/horizon,not observed before death/horizon,not observed before death/horizon,not observed before death/horizon,0.1,not observed before death/horizon,not observed before death/horizon,not observed before death/horizon,not observed before death/horizon,False,0.5,,,-0.0,200.0,False,0.4999999999999716,0.0,0.0,0.4999999999999716,75.0,75.0,0.0,0.010405499953776598,b778f3fe9b220efb,8ec7a345f84e156f,valid
80,150,200,A10,1,captured,1.4,False,14,10.0,1.4,1.4,0,0,0,0,0,14,not observed before death/horizon,not observed before death/horizon,not observed before death/horizon,not observed before death/horizon,not observed before death/horizon,not observed before death/horizon,0.1,not observed before death/horizon,not observed before death/horizon,not observed before death/horizon,not observed before death/horizon,False,1.4,,,140.0,200.0,False,8.89999999999992,7.0,0.5,1.3999999999999204,210.0,210.0,0.0,0.025133399991318583,e5b1df53b2e2eeaf,593351b254ba90e1,valid
80,150,200,F10,1,captured,1.4,False,14,10.0,1.4,1.3,0.1,0,0,0,0,14,not observed before death/horizon,not observed before death/horizon,not observed before death/horizon,not observed before death/horizon,not observed before death/horizon,0.1,0.2,not observed before death/horizon,not observed before death/horizon,not observed before death/horizon,not observed before death/horizon,False,1.4,,,140.0,200.0,False,8.39999999999992,7.0,0.0,1.3999999999999204,210.0,210.0,0.0,0.03135689999908209,c3b04067681c21f0,0114fdb3a3973630,valid
80,150,200,A15,1,captured,3.0,False,30,10.0,3.0,3.0,0,0,0,0,0,30,not observed before death/horizon,not observed before death/horizon,not observed before death/horizon,1.7,1.7,not observed before death/horizon,0.1,not observed before death/horizon,not observed before death/horizon,not observed before death/horizon,not observed before death/horizon,False,3.0,,,380.0,200.0,False,58.49999999999983,55.0,0.5,2.9999999999998295,450.0,450.0,0.0,0.04848669993225485,750a6375db5bc592,65fdf6f579c8d61a,valid
80,150,200,F15,1,captured,3.1,False,31,10.0,3.1,1.3,1.8,0,0,0,0,31,not observed before death/horizon,not observed before death/horizon,not observed before death/horizon,1.8,1.8,0.1,1.9,not observed before death/horizon,not observed before death/horizon,not observed before death/horizon,not observed before death/horizon,False,3.1,,,395.0,200.0,False,61.099999999999824,58.0,0.0,3.099999999999824,465.0,465.0,0.0,0.056962499977089465,637d19e5e7979e10,eec0a4668f347965,valid
80,150,200,A20,1,captured,3.2,False,32,10.0,3.2,3.2,0,0,0,0,0,32,not observed before death/horizon,not observed before death/horizon,not observed before death/horizon,1.0,1.0,not observed before death/horizon,0.1,not observed before death/horizon,not observed before death/horizon,not observed before death/horizon,not observed before death/horizon,False,3.2,,,410.0,200.0,False,64.69999999999982,61.0,0.5,3.199999999999818,480.0,480.0,0.0,0.06613289995584637,e20fbbebee1173e5,18f5727a6bc1e314,valid
80,150,200,F20,1,captured,3.2,False,32,10.0,3.2,1.3,1.9,0,0,0,0,32,not observed before death/horizon,not observed before death/horizon,not observed before death/horizon,1.0,1.0,0.1,2.0,not observed before death/horizon,not observed before death/horizon,not observed before death/horizon,not observed before death/horizon,False,3.2,,,410.0,200.0,False,64.19999999999982,61.0,0.0,3.199999999999818,480.0,480.0,0.0,0.057417199946939945,b8d5ce2fbb2d42ec,13242bb7cd1b00a2,valid
80,150,200,S0,2,captured,0.5,False,5,5.0,0.5,0.5,0,0,0,0,0,5,not observed before death/horizon,not observed before death/horizon,not observed before death/horizon,not observed before death/horizon,not observed before death/horizon,not observed before death/horizon,0.1,not observed before death/horizon,not observed before death/horizon,not observed before death/horizon,not observed before death/horizon,False,0.5,,,-0.0,200.0,False,0.4999999999999716,0.0,0.0,0.4999999999999716,75.0,75.0,0.0,0.011419099988415837,b778f3fe9b220efb,bbcde795688385f9,valid
80,150,200,A10,2,captured,1.4,False,14,10.0,1.4,1.4,0,0,0,0,0,14,not observed before death/horizon,not observed before death/horizon,not observed before death/horizon,not observed before death/horizon,not observed before death/horizon,not observed before death/horizon,0.1,not observed before death/horizon,not observed before death/horizon,not observed before death/horizon,not observed before death/horizon,False,1.4,,,140.0,200.0,False,8.89999999999992,7.0,0.5,1.3999999999999204,210.0,210.0,0.0,0.02752179990056902,e5b1df53b2e2eeaf,82615db6c38a57bc,valid
80,150,200,F10,2,captured,1.4,False,14,10.0,1.4,1.3,0.1,0,0,0,0,14,not observed before death/horizon,not observed before death/horizon,not observed before death/horizon,not observed before death/horizon,not observed before death/horizon,0.1,0.2,not observed before death/horizon,not observed before death/horizon,not observed before death/horizon,not observed before death/horizon,False,1.4,,,140.0,200.0,False,8.39999999999992,7.0,0.0,1.3999999999999204,210.0,210.0,0.0,0.03412600001320243,c3b04067681c21f0,1c0ac2dd5df1697c,valid
80,150,200,A15,2,captured,3.0,False,30,10.0,3.0,3.0,0,0,0,0,0,30,not observed before death/horizon,not observed before death/horizon,not observed before death/horizon,1.7,1.7,not observed before death/horizon,0.1,not observed before death/horizon,not observed before death/horizon,not observed before death/horizon,not observed before death/horizon,False,3.0,,,380.0,200.0,False,58.49999999999983,55.0,0.5,2.9999999999998295,450.0,450.0,0.0,0.057205500081181526,750a6375db5bc592,1e31d4dbf804a2c8,valid
80,150,200,F15,2,captured,3.1,False,31,10.0,3.1,1.3,1.8,0,0,0,0,31,not observed before death/horizon,not observed before death/horizon,not observed before death/horizon,1.8,1.8,0.1,1.9,not observed before death/horizon,not observed before death/horizon,not observed before death/horizon,not observed before death/horizon,False,3.1,,,395.0,200.0,False,61.099999999999824,58.0,0.0,3.099999999999824,465.0,465.0,0.0,0.0529822000535205,637d19e5e7979e10,6d8e594dd71c3a25,valid
80,150,200,A20,2,captured,3.2,False,32,10.0,3.2,3.2,0,0,0,0,0,32,not observed before death/horizon,not observed before death/horizon,not observed before death/horizon,1.0,1.0,not observed before death/horizon,0.1,not observed before death/horizon,not observed before death/horizon,not observed before death/horizon,not observed before death/horizon,False,3.2,,,410.0,200.0,False,64.69999999999982,61.0,0.5,3.199999999999818,480.0,480.0,0.0,0.051175600034184754,e20fbbebee1173e5,e10e624caa54a0e6,valid
80,150,200,F20,2,captured,3.2,False,32,10.0,3.2,1.3,1.9,0,0,0,0,32,not observed before death/horizon,not observed before death/horizon,not observed before death/horizon,1.0,1.0,0.1,2.0,not observed before death/horizon,not observed before death/horizon,not observed before death/horizon,not observed before death/horizon,False,3.2,,,410.0,200.0,False,64.19999999999982,61.0,0.0,3.199999999999818,480.0,480.0,0.0,0.06365210004150867,b8d5ce2fbb2d42ec,ce9f40e51feaafbd,valid
80,300,101,S0,0,captured,0.5,False,5,5.0,0.5,0.5,0,0,0,0,0,5,not observed before death/horizon,not observed before death/horizon,not observed before death/horizon,not observed before death/horizon,not observed before death/horizon,not observed before death/horizon,0.1,not observed before death/horizon,not observed before death/horizon,not observed before death/horizon,not observed before death/horizon,False,0.5,,,-0.0,200.0,False,0.5000000000001137,0.0,0.0,0.5000000000001137,75.0,75.0,-99.0,0.0093695999821648,b19beb819e3133de,9930a986de940e60,valid
80,300,101,A10,0,captured,1.4,False,14,10.0,1.4,1.4,0,0,0,0,0,14,not observed before death/horizon,not observed before death/horizon,not observed before death/horizon,not observed before death/horizon,not observed before death/horizon,not observed before death/horizon,0.1,not observed before death/horizon,not observed before death/horizon,not observed before death/horizon,not observed before death/horizon,False,1.4,,,140.0,200.0,False,8.900000000000318,7.0,0.5,1.4000000000003183,210.0,210.0,-99.0,0.029977999976836145,26c9a39a611b2c27,817351e4fabba63d,valid
80,300,101,F10,0,captured,1.4,False,14,10.0,1.4,1.3,0.1,0,0,0,0,14,not observed before death/horizon,not observed before death/horizon,not observed before death/horizon,not observed before death/horizon,not observed before death/horizon,0.1,0.2,not observed before death/horizon,not observed before death/horizon,not observed before death/horizon,not observed before death/horizon,False,1.4,,,140.0,200.0,False,8.400000000000318,7.0,0.0,1.4000000000003183,210.0,210.0,-99.0,0.025384799926541746,e2e49d73701f0eef,1bbe6bbee7dd2e48,valid
80,300,101,A15,0,survived_horizon,,True,100,80,0.0,8.9,0,0.8,0.3,0,0,97,6.4,9.7,not observed before death/horizon,6.6,6.6,not observed before death/horizon,0.1,78.80000000000015,212.15524183964243,1295.0,False,True,10.0,77.00000000000017,242.15523727482503,1325.0,8.573206312378456,True,222.99999999999983,212.5,0.5,9.99999999999983,1162.8448017292956,1162.8447950068391,92.42679368762154,0.16929899994283915,d591c67ec112c28c,97caf4b1e3193ce4,valid
80,300,101,F15,0,survived_horizon,,True,100,80,0.0,0,7.1,2.6,0.3,0,0,97,6.4,9.7,not observed before death/horizon,6.6,6.6,0.1,not observed before death/horizon,79.30000000000015,237.94248917856794,1295.0,False,True,10.0,77.50000000000017,267.7063217955407,1325.0,8.43532896966387,True,222.49999999999983,212.5,0.0,9.99999999999983,1139.604241350016,1139.1658904532555,92.56467103033613,0.4438590999925509,9c41f7e926f55aac,e0a9ddf0a8de22aa,valid
80,300,101,A20,0,survived_horizon,,True,100,80,0.0,2.8,0,6.8,0.4,0,0,96,2.9,9.6,not observed before death/horizon,3.7,3.7,not observed before death/horizon,0.1,61.90000000000032,256.28773808473545,1320.0,False,True,10.0,59.50000000000031,296.2439873163304,1360.0,11.65843664351119,True,240.4999999999997,230.0,0.5,9.999999999999687,1144.1088532982797,1144.036308393898,89.3415633564888,0.2017886999528855,22a68d5708c746ec,e6a2abb113cfaedb,valid
80,300,101,F20,0,survived_horizon,,True,100,80,0.0,0,2.8,6.8,0.4,0,0,96,2.9,9.6,not observed before death/horizon,3.7,3.7,0.1,not observed before death/horizon,62.400000000000325,256.28773808473545,1320.0,False,True,10.0,60.00000000000032,296.2439873163304,1360.0,11.65843664351119,True,239.9999999999997,230.0,0.0,9.999999999999687,1144.1088532982797,1144.036308393898,89.3415633564888,0.1477922999765724,48fdc5bab46f087d,ae9d0da3b628b6a2,valid
80,300,101,S0,1,captured,0.5,False,5,5.0,0.5,0.5,0,0,0,0,0,5,not observed before death/horizon,not observed before death/horizon,not observed before death/horizon,not observed before death/horizon,not observed before death/horizon,not observed before death/horizon,0.1,not observed before death/horizon,not observed before death/horizon,not observed before death/horizon,not observed before death/horizon,False,0.5,,,-0.0,200.0,False,0.5000000000001137,0.0,0.0,0.5000000000001137,75.0,75.0,-99.0,0.010779200005345047,b19beb819e3133de,df505e6e60682564,valid
80,300,101,A10,1,captured,1.4,False,14,10.0,1.4,1.4,0,0,0,0,0,14,not observed before death/horizon,not observed before death/horizon,not observed before death/horizon,not observed before death/horizon,not observed before death/horizon,not observed before death/horizon,0.1,not observed before death/horizon,not observed before death/horizon,not observed before death/horizon,not observed before death/horizon,False,1.4,,,140.0,200.0,False,8.900000000000318,7.0,0.5,1.4000000000003183,210.0,210.0,-99.0,0.035131500102579594,26c9a39a611b2c27,bf32a7b4be257979,valid
80,300,101,F10,1,captured,1.4,False,14,10.0,1.4,1.3,0.1,0,0,0,0,14,not observed before death/horizon,not observed before death/horizon,not observed before death/horizon,not observed before death/horizon,not observed before death/horizon,0.1,0.2,not observed before death/horizon,not observed before death/horizon,not observed before death/horizon,not observed before death/horizon,False,1.4,,,140.0,200.0,False,8.400000000000318,7.0,0.0,1.4000000000003183,210.0,210.0,-99.0,0.025184100028127432,e2e49d73701f0eef,1c26d4e69d093633,valid
80,300,101,A15,1,survived_horizon,,True,100,80,0.0,6.3,0,3.3,0.4,0,0,96,6.4,9.6,not observed before death/horizon,6.6,6.6,not observed before death/horizon,0.1,79.40000000000015,253.448705179275,1285.0,False,True,10.0,77.00000000000017,290.29236281866565,1325.0,11.910075032215492,True,222.99999999999983,212.5,0.5,9.99999999999983,1139.4828380931735,1134.5823780775906,89.08992496778451,0.14421069994568825,9cb13436225e4785,779898e02e7e20a9,valid
80,300,101,F15,1,survived_horizon,,True,100,80,0.0,0,6.3,3.3,0.4,0,0,96,6.4,9.6,not observed before death/horizon,6.6,6.6,0.1,not observed before death/horizon,79.90000000000015,253.448705179275,1285.0,False,True,10.0,77.50000000000017,290.29236281866565,1325.0,11.910075032215492,True,222.49999999999983,212.5,0.0,9.99999999999983,1139.4828380931735,1134.5823780775906,89.08992496778451,0.15419720008503646,5a1f48b539bc00ae,0cc5b327b733eb47,valid
80,300,101,A20,1,survived_horizon,,True,100,80,0.0,2.8,0,6.8,0.4,0,0,96,2.9,9.6,not observed before death/horizon,3.7,3.7,not observed before death/horizon,0.1,61.90000000000032,270.1877676358112,1320.0,False,True,10.0,59.50000000000031,308.444357217834,1360.0,11.630531834315963,True,240.4999999999997,230.0,0.5,9.999999999999687,1146.3961878851196,1143.293853506254,89.36946816568404,0.1964841999579221,c6fb6d2d0c172d69,7a004736d832edc5,valid
80,300,101,F20,1,survived_horizon,,True,100,80,0.0,0,2.8,6.8,0.4,0,0,96,2.9,9.6,not observed before death/horizon,3.7,3.7,0.1,not observed before death/horizon,62.400000000000325,270.1877676358112,1320.0,False,True,10.0,60.00000000000032,308.444357217834,1360.0,11.630531834315963,True,239.9999999999997,230.0,0.0,9.999999999999687,1146.3961878851196,1143.293853506254,89.36946816568404,0.19182599999476224,4375d45064df4de6,46a2b95b79eb774f,valid
80,300,101,S0,2,captured,0.5,False,5,5.0,0.5,0.5,0,0,0,0,0,5,not observed before death/horizon,not observed before death/horizon,not observed before death/horizon,not observed before death/horizon,not observed before death/horizon,not observed before death/horizon,0.1,not observed before death/horizon,not observed before death/horizon,not observed before death/horizon,not observed before death/horizon,False,0.5,,,-0.0,200.0,False,0.5000000000001137,0.0,0.0,0.5000000000001137,75.0,75.0,-99.0,0.012730299960821867,b19beb819e3133de,4df9771297df2964,valid
80,300,101,A10,2,captured,1.4,False,14,10.0,1.4,1.4,0,0,0,0,0,14,not observed before death/horizon,not observed before death/horizon,not observed before death/horizon,not observed before death/horizon,not observed before death/horizon,not observed before death/horizon,0.1,not observed before death/horizon,not observed before death/horizon,not observed before death/horizon,not observed before death/horizon,False,1.4,,,140.0,200.0,False,8.900000000000318,7.0,0.5,1.4000000000003183,210.0,210.0,-99.0,0.028127299970947206,26c9a39a611b2c27,99198d907c56f1fe,valid
80,300,101,F10,2,captured,1.4,False,14,10.0,1.4,1.3,0.1,0,0,0,0,14,not observed before death/horizon,not observed before death/horizon,not observed before death/horizon,not observed before death/horizon,not observed before death/horizon,0.1,0.2,not observed before death/horizon,not observed before death/horizon,not observed before death/horizon,not observed before death/horizon,False,1.4,,,140.0,200.0,False,8.400000000000318,7.0,0.0,1.4000000000003183,210.0,210.0,-99.0,0.024072200059890747,e2e49d73701f0eef,f654e30b11369d1e,valid
80,300,101,A15,2,survived_horizon,,True,100,80,0.0,8.8,0,0.9,0.3,0,0,97,6.4,9.7,not observed before death/horizon,6.6,6.6,not observed before death/horizon,0.1,78.80000000000015,212.82783768136576,1295.0,False,True,10.0,77.00000000000017,242.82452605767085,1325.0,8.584059953884292,True,222.99999999999983,212.5,0.5,9.99999999999983,1162.203875626383,1162.1989672832217,92.41594004611571,0.20816839998587966,8c6d3a41eb1eaf54,ebe709ffd3f157ef,valid
80,300,101,F15,2,survived_horizon,,True,100,80,0.0,0,7.1,2.5,0.4,0,0,96,6.4,9.6,not observed before death/horizon,6.6,6.6,0.1,not observed before death/horizon,79.90000000000015,239.5008839524809,1285.0,False,True,10.0,77.50000000000017,279.0060921661919,1325.0,11.895428449469708,True,222.49999999999983,212.5,0.0,9.99999999999983,1129.6807167936108,1128.953424352127,89.1045715505303,0.1615162999369204,0bc591594d4f2974,a4a67bf1dcc96a77,valid
80,300,101,A20,2,survived_horizon,,True,100,80,0.0,2.8,0,6.8,0.4,0,0,96,2.9,9.6,not observed before death/horizon,3.7,3.7,not observed before death/horizon,0.1,61.90000000000032,310.22113868967546,1320.0,False,True,10.0,59.50000000000031,347.2419431904555,1360.0,11.617690674312176,True,240.4999999999997,230.0,0.5,9.999999999999687,1122.6503138391554,1115.7523472404412,89.38230932568783,0.19032080005854368,228742fa7009262a,f06e9fe59c9df450,valid
80,300,101,F20,2,survived_horizon,,True,100,80,0.0,0,2.8,6.8,0.4,0,0,96,2.9,9.6,not observed before death/horizon,3.7,3.7,0.1,not observed before death/horizon,62.400000000000325,310.22113868967546,1320.0,False,True,10.0,60.00000000000032,347.2419431904555,1360.0,11.617690674312176,True,239.9999999999997,230.0,0.0,9.999999999999687,1122.6503138391554,1115.7523472404412,89.38230932568783,0.1801143999909982,76428a1805a4601e,ecc81354fd7495e6,valid
80,300,200,S0,0,captured,0.5,False,5,5.0,0.5,0.5,0,0,0,0,0,5,not observed before death/horizon,not observed before death/horizon,not observed before death/horizon,not observed before death/horizon,not observed before death/horizon,not observed before death/horizon,0.1,not observed before death/horizon,not observed before death/horizon,not observed before death/horizon,not observed before death/horizon,False,0.5,,,-0.0,200.0,False,0.5000000000001137,0.0,0.0,0.5000000000001137,75.0,75.0,0.0,0.010210499982349575,72103b4a907054eb,90d7c906154472ad,valid
80,300,200,A10,0,captured,1.4,False,14,10.0,1.4,1.4,0,0,0,0,0,14,not observed before death/horizon,not observed before death/horizon,not observed before death/horizon,not observed before death/horizon,not observed before death/horizon,not observed before death/horizon,0.1,not observed before death/horizon,not observed before death/horizon,not observed before death/horizon,not observed before death/horizon,False,1.4,,,140.0,200.0,False,8.900000000000318,7.0,0.5,1.4000000000003183,210.0,210.0,0.0,0.023283099988475442,80bb9772799312a1,af35c199c178a15d,valid
80,300,200,F10,0,captured,1.4,False,14,10.0,1.4,1.3,0.1,0,0,0,0,14,not observed before death/horizon,not observed before death/horizon,not observed before death/horizon,not observed before death/horizon,not observed before death/horizon,0.1,0.2,not observed before death/horizon,not observed before death/horizon,not observed before death/horizon,not observed before death/horizon,False,1.4,,,140.0,200.0,False,8.400000000000318,7.0,0.0,1.4000000000003183,210.0,210.0,0.0,0.02252749993931502,9efb7970c000a720,ddcd5fa44e156138,valid
80,300,200,A15,0,survived_horizon,,True,100,53.0,10.0,10.0,0,0,0,0,0,100,not observed before death/horizon,not observed before death/horizon,not observed before death/horizon,6.6,6.6,not observed before death/horizon,0.1,not observed before death/horizon,not observed before death/horizon,not observed before death/horizon,not observed before death/horizon,False,10.0,77.00000000000017,53.0,1325.0,18.9999999999998,False,222.99999999999983,212.5,0.5,9.99999999999983,1352.0,1352.0,181.0000000000002,0.1858318999875337,3a46320a2d2f52bc,416982e816cab15d,valid
80,300,200,F15,0,survived_horizon,,True,100,53.0,10.0,2.6,7.4,0,0,0,0,100,not observed before death/horizon,not observed before death/horizon,not observed before death/horizon,6.6,6.6,0.1,7.5,not observed before death/horizon,not observed before death/horizon,not observed before death/horizon,not observed before death/horizon,False,10.0,77.50000000000017,53.0,1325.0,18.9999999999998,False,222.49999999999983,212.5,0.0,9.99999999999983,1352.0,1352.0,181.0000000000002,0.20824179996270686,40f0c20ade7a5139,63493de7bf7a5729,valid
80,300,200,A20,0,survived_horizon,,True,100,80,0.0,3.0,0,7.0,0,0,0,100,3.1,not observed before death/horizon,not observed before death/horizon,3.7,3.7,not observed before death/horizon,0.1,not observed before death/horizon,not observed before death/horizon,not observed before death/horizon,not observed before death/horizon,False,10.0,59.50000000000031,282.2287039483096,1360.0,84.48411366085722,False,240.4999999999997,230.0,0.5,9.999999999999687,1207.4980323966913,1198.610575315812,115.51588633914278,0.17442990001291037,2bac158a249d20fb,e087b275601480e9,valid
80,300,200,F20,0,survived_horizon,,True,100,80,0.0,0,3.0,7.0,0,0,0,100,3.1,not observed before death/horizon,not observed before death/horizon,3.7,3.7,0.1,not observed before death/horizon,not observed before death/horizon,not observed before death/horizon,not observed before death/horizon,not observed before death/horizon,False,10.0,60.00000000000032,282.2287039483096,1360.0,84.48411366085722,False,239.9999999999997,230.0,0.0,9.999999999999687,1207.4980323966913,1198.610575315812,115.51588633914278,0.1596140000037849,40c1728c35ba0bb1,a2277a81364b16e0,valid
80,300,200,S0,1,captured,0.5,False,5,5.0,0.5,0.5,0,0,0,0,0,5,not observed before death/horizon,not observed before death/horizon,not observed before death/horizon,not observed before death/horizon,not observed before death/horizon,not observed before death/horizon,0.1,not observed before death/horizon,not observed before death/horizon,not observed before death/horizon,not observed before death/horizon,False,0.5,,,-0.0,200.0,False,0.5000000000001137,0.0,0.0,0.5000000000001137,75.0,75.0,0.0,0.011292399954982102,72103b4a907054eb,6165878ad52b871f,valid
80,300,200,A10,1,captured,1.4,False,14,10.0,1.4,1.4,0,0,0,0,0,14,not observed before death/horizon,not observed before death/horizon,not observed before death/horizon,not observed before death/horizon,not observed before death/horizon,not observed before death/horizon,0.1,not observed before death/horizon,not observed before death/horizon,not observed before death/horizon,not observed before death/horizon,False,1.4,,,140.0,200.0,False,8.900000000000318,7.0,0.5,1.4000000000003183,210.0,210.0,0.0,0.029513099929317832,80bb9772799312a1,79abb41831a2d940,valid
80,300,200,F10,1,captured,1.4,False,14,10.0,1.4,1.3,0.1,0,0,0,0,14,not observed before death/horizon,not observed before death/horizon,not observed before death/horizon,not observed before death/horizon,not observed before death/horizon,0.1,0.2,not observed before death/horizon,not observed before death/horizon,not observed before death/horizon,not observed before death/horizon,False,1.4,,,140.0,200.0,False,8.400000000000318,7.0,0.0,1.4000000000003183,210.0,210.0,0.0,0.024418100016191602,9efb7970c000a720,fc7bd1925b7410e3,valid
80,300,200,A15,1,survived_horizon,,True,100,53.0,10.0,10.0,0,0,0,0,0,100,not observed before death/horizon,not observed before death/horizon,not observed before death/horizon,6.6,6.6,not observed before death/horizon,0.1,not observed before death/horizon,not observed before death/horizon,not observed before death/horizon,not observed before death/horizon,False,10.0,77.00000000000017,53.0,1325.0,18.9999999999998,False,222.99999999999983,212.5,0.5,9.99999999999983,1352.0,1352.0,181.0000000000002,0.18741629994474351,3a46320a2d2f52bc,f149cc0ce4c78d10,valid
80,300,200,F15,1,survived_horizon,,True,100,53.0,10.0,2.6,7.4,0,0,0,0,100,not observed before death/horizon,not observed before death/horizon,not observed before death/horizon,6.6,6.6,0.1,7.5,not observed before death/horizon,not observed before death/horizon,not observed before death/horizon,not observed before death/horizon,False,10.0,77.50000000000017,53.0,1325.0,18.9999999999998,False,222.49999999999983,212.5,0.0,9.99999999999983,1352.0,1352.0,181.0000000000002,0.21767919999547303,40f0c20ade7a5139,9ada4106ff24220e,valid
80,300,200,A20,1,survived_horizon,,True,100,80,0.0,4.2,0,5.8,0,0,0,100,3.1,not observed before death/horizon,not observed before death/horizon,3.7,3.7,not observed before death/horizon,0.1,not observed before death/horizon,not observed before death/horizon,not observed before death/horizon,not observed before death/horizon,False,10.0,59.50000000000031,178.10357441602142,1360.0,60.5164777415749,False,240.4999999999997,230.0,0.5,9.999999999999687,1262.104222623369,1262.0785366472137,139.4835222584251,0.1873516000341624,02375dcc0980f507,68cb9bcebedb0132,valid
80,300,200,F20,1,survived_horizon,,True,100,80,0.0,0,4.2,5.8,0,0,0,100,3.1,not observed before death/horizon,not observed before death/horizon,3.7,3.7,0.1,not observed before death/horizon,not observed before death/horizon,not observed before death/horizon,not observed before death/horizon,not observed before death/horizon,False,10.0,60.00000000000032,228.6763724423821,1360.0,60.44678836061301,False,239.9999999999997,230.0,0.0,9.999999999999687,1242.4226139687128,1237.8198154123063,139.55321163938697,0.19375840004067868,32026949145b44a5,b2f3a05f362903c2,valid
80,300,200,S0,2,captured,0.5,False,5,5.0,0.5,0.5,0,0,0,0,0,5,not observed before death/horizon,not observed before death/horizon,not observed before death/horizon,not observed before death/horizon,not observed before death/horizon,not observed before death/horizon,0.1,not observed before death/horizon,not observed before death/horizon,not observed before death/horizon,not observed before death/horizon,False,0.5,,,-0.0,200.0,False,0.5000000000001137,0.0,0.0,0.5000000000001137,75.0,75.0,0.0,0.014181200065650046,72103b4a907054eb,0fe8b38c5b1c86d3,valid
80,300,200,A10,2,captured,1.4,False,14,10.0,1.4,1.4,0,0,0,0,0,14,not observed before death/horizon,not observed before death/horizon,not observed before death/horizon,not observed before death/horizon,not observed before death/horizon,not observed before death/horizon,0.1,not observed before death/horizon,not observed before death/horizon,not observed before death/horizon,not observed before death/horizon,False,1.4,,,140.0,200.0,False,8.900000000000318,7.0,0.5,1.4000000000003183,210.0,210.0,0.0,0.028071100008673966,80bb9772799312a1,82fa1630a83f322e,valid
80,300,200,F10,2,captured,1.4,False,14,10.0,1.4,1.3,0.1,0,0,0,0,14,not observed before death/horizon,not observed before death/horizon,not observed before death/horizon,not observed before death/horizon,not observed before death/horizon,0.1,0.2,not observed before death/horizon,not observed before death/horizon,not observed before death/horizon,not observed before death/horizon,False,1.4,,,140.0,200.0,False,8.400000000000318,7.0,0.0,1.4000000000003183,210.0,210.0,0.0,0.020484099979512393,9efb7970c000a720,266b81f11bc6c11c,valid
80,300,200,A15,2,survived_horizon,,True,100,53.0,10.0,10.0,0,0,0,0,0,100,not observed before death/horizon,not observed before death/horizon,not observed before death/horizon,6.6,6.6,not observed before death/horizon,0.1,not observed before death/horizon,not observed before death/horizon,not observed before death/horizon,not observed before death/horizon,False,10.0,77.00000000000017,53.0,1325.0,18.9999999999998,False,222.99999999999983,212.5,0.5,9.99999999999983,1352.0,1352.0,181.0000000000002,0.1501834000227973,3a46320a2d2f52bc,4952dc73f325f190,valid
80,300,200,F15,2,survived_horizon,,True,100,53.0,10.0,2.6,7.4,0,0,0,0,100,not observed before death/horizon,not observed before death/horizon,not observed before death/horizon,6.6,6.6,0.1,7.5,not observed before death/horizon,not observed before death/horizon,not observed before death/horizon,not observed before death/horizon,False,10.0,77.50000000000017,53.0,1325.0,18.9999999999998,False,222.49999999999983,212.5,0.0,9.99999999999983,1352.0,1352.0,181.0000000000002,0.19593299995176494,40f0c20ade7a5139,0dc8e37420fa2ca8,valid
80,300,200,A20,2,survived_horizon,,True,100,80,0.0,3.0,0,7.0,0,0,0,100,3.1,not observed before death/horizon,not observed before death/horizon,3.7,3.7,not observed before death/horizon,0.1,not observed before death/horizon,not observed before death/horizon,not observed before death/horizon,not observed before death/horizon,False,10.0,59.50000000000031,290.8069337716119,1360.0,84.47778148298957,False,240.4999999999997,230.0,0.5,9.999999999999687,1197.5538185080343,1188.5994706574747,115.52221851701043,0.15529749996494502,cc6b1879cc98e388,4c6d8d6da8fb4d5d,valid
80,300,200,F20,2,survived_horizon,,True,100,80,0.0,0,3.0,7.0,0,0,0,100,3.1,not observed before death/horizon,not observed before death/horizon,3.7,3.7,0.1,not observed before death/horizon,not observed before death/horizon,not observed before death/horizon,not observed before death/horizon,not observed before death/horizon,False,10.0,60.00000000000032,290.8069337716119,1360.0,84.47778148298957,False,239.9999999999997,230.0,0.0,9.999999999999687,1197.5538185080343,1188.5994706574747,115.52221851701043,0.1835298000369221,d189bed7009f4e11,5697082906a35b4a,valid
120,150,101,S0,0,captured,0.8,False,8,0.0,0.8,0.5,0.3,0,0,0,0,8,not observed before death/horizon,not observed before death/horizon,not observed before death/horizon,not observed before death/horizon,not observed before death/horizon,0.1,0.4,not observed before death/horizon,not observed before death/horizon,not observed before death/horizon,not observed before death/horizon,False,0.8,,,-0.0,200.0,False,0.7999999999999545,0.0,0.0,0.7999999999999545,120.0,120.0,-99.0,0.020700599998235703,0668d6289732fd20,f6b24eb81f7225e3,valid
120,150,101,A10,0,captured,2.2,False,22,10.0,2.2,2.2,0,0,0,0,0,22,not observed before death/horizon,not observed before death/horizon,not observed before death/horizon,not observed before death/horizon,not observed before death/horizon,not observed before death/horizon,0.1,not observed before death/horizon,not observed before death/horizon,not observed before death/horizon,not observed before death/horizon,False,2.2,,,220.0,181.2000000000002,False,13.699999999999875,11.0,0.5,2.199999999999875,330.0,330.0,-80.20000000000019,0.03381440008524805,9ba67c98a5e4b8cf,00f3d321dabd8a15,valid
120,150,101,F10,0,captured,2.2,False,22,10.0,2.2,1.3,0.9,0,0,0,0,22,not observed before death/horizon,not observed before death/horizon,not observed before death/horizon,not observed before death/horizon,not observed before death/horizon,0.1,1.0,not observed before death/horizon,not observed before death/horizon,not observed before death/horizon,not observed before death/horizon,False,2.2,,,220.0,181.7000000000002,False,13.199999999999875,11.0,0.0,2.199999999999875,330.0,330.0,-80.70000000000019,0.040137500036507845,5972bec5ed9c09ae,8ddfc8b6770a519b,valid
120,150,101,A15,0,captured,9.0,False,90,14.0,9.0,9.0,0,0,0,0,0,90,not observed before death/horizon,not observed before death/horizon,not observed before death/horizon,1.7,1.7,not observed before death/horizon,0.1,not observed before death/horizon,not observed before death/horizon,not observed before death/horizon,not observed before death/horizon,False,9.0,,,980.0,59.00000000000048,False,94.4999999999996,85.0,0.5,8.999999999999602,1086.0,1086.0,41.99999999999952,0.1423629999626428,42142d1ed062210c,41321a49b61de51c,valid
120,150,101,F15,0,captured,9.5,False,95,14.0,9.5,6.5,3.0,0,0,0,0,95,not observed before death/horizon,not observed before death/horizon,not observed before death/horizon,1.8,1.8,0.1,3.1,not observed before death/horizon,not observed before death/horizon,not observed before death/horizon,not observed before death/horizon,False,9.5,,,1035.0,51.250000000000455,False,99.49999999999963,90.0,0.0,9.49999999999963,1141.0,1141.0,49.749999999999545,0.18726409994997084,70812b483fe29f13,44d3abffcf236110,valid
120,150,101,A20,0,survived_horizon,,True,100,17.0,9.7,9.7,0,0,0.3,0,0,97,not observed before death/horizon,9.7,not observed before death/horizon,1.0,1.0,not observed before death/horizon,0.1,46.30000000000034,17.0,1060.0,False,True,10.0,44.500000000000334,47.0,1090.0,8.65000000000008,True,105.49999999999966,95.0,0.5,9.999999999999659,1163.0,1163.0,92.34999999999992,0.21497560001444072,75c19a20bf10d2a7,96c8eda8640ce034,valid
120,150,101,F20,0,survived_horizon,,True,100,17.0,9.7,6.2,3.5,0,0.3,0,0,97,not observed before death/horizon,9.7,not observed before death/horizon,1.0,1.0,0.1,3.6,46.800000000000345,17.0,1060.0,False,True,10.0,45.00000000000034,47.0,1090.0,8.65000000000008,True,104.99999999999966,95.0,0.0,9.999999999999659,1163.0,1163.0,92.34999999999992,0.12823909998405725,99f9b927afa7d5c5,cf916fc53b82f629,valid
120,150,101,S0,1,captured,0.8,False,8,0.0,0.8,0.5,0.3,0,0,0,0,8,not observed before death/horizon,not observed before death/horizon,not observed before death/horizon,not observed before death/horizon,not observed before death/horizon,0.1,0.4,not observed before death/horizon,not observed before death/horizon,not observed before death/horizon,not observed before death/horizon,False,0.8,,,-0.0,200.0,False,0.7999999999999545,0.0,0.0,0.7999999999999545,120.0,120.0,-99.0,0.01645039999857545,0668d6289732fd20,67a9b4a05535d6c6,valid
120,150,101,A10,1,captured,2.2,False,22,10.0,2.2,2.2,0,0,0,0,0,22,not observed before death/horizon,not observed before death/horizon,not observed before death/horizon,not observed before death/horizon,not observed before death/horizon,not observed before death/horizon,0.1,not observed before death/horizon,not observed before death/horizon,not observed before death/horizon,not observed before death/horizon,False,2.2,,,220.0,181.2000000000002,False,13.699999999999875,11.0,0.5,2.199999999999875,330.0,330.0,-80.20000000000019,0.03782670001965016,9ba67c98a5e4b8cf,6614eac53770da3f,valid
120,150,101,F10,1,captured,2.2,False,22,10.0,2.2,1.3,0.9,0,0,0,0,22,not observed before death/horizon,not observed before death/horizon,not observed before death/horizon,not observed before death/horizon,not observed before death/horizon,0.1,1.0,not observed before death/horizon,not observed before death/horizon,not observed before death/horizon,not observed before death/horizon,False,2.2,,,220.0,181.7000000000002,False,13.199999999999875,11.0,0.0,2.199999999999875,330.0,330.0,-80.70000000000019,0.041816300014033914,5972bec5ed9c09ae,949fd43ae237192f,valid
120,150,101,A15,1,captured,9.0,False,90,14.0,9.0,9.0,0,0,0,0,0,90,not observed before death/horizon,not observed before death/horizon,not observed before death/horizon,1.7,1.7,not observed before death/horizon,0.1,not observed before death/horizon,not observed before death/horizon,not observed before death/horizon,not observed before death/horizon,False,9.0,,,980.0,59.00000000000048,False,94.4999999999996,85.0,0.5,8.999999999999602,1086.0,1086.0,41.99999999999952,0.154689000104554,42142d1ed062210c,8d3651fdfc555cc9,valid
120,150,101,F15,1,captured,9.5,False,95,14.0,9.5,6.5,3.0,0,0,0,0,95,not observed before death/horizon,not observed before death/horizon,not observed before death/horizon,1.8,1.8,0.1,3.1,not observed before death/horizon,not observed before death/horizon,not observed before death/horizon,not observed before death/horizon,False,9.5,,,1035.0,51.250000000000455,False,99.49999999999963,90.0,0.0,9.49999999999963,1141.0,1141.0,49.749999999999545,0.21558650000952184,70812b483fe29f13,b67f3d5461caea3e,valid
120,150,101,A20,1,survived_horizon,,True,100,17.0,9.7,9.7,0,0,0.3,0,0,97,not observed before death/horizon,9.7,not observed before death/horizon,1.0,1.0,not observed before death/horizon,0.1,46.30000000000034,17.0,1060.0,False,True,10.0,44.500000000000334,47.0,1090.0,8.65000000000008,True,105.49999999999966,95.0,0.5,9.999999999999659,1163.0,1163.0,92.34999999999992,0.1671559999231249,75c19a20bf10d2a7,f1c8f9177240fb06,valid
120,150,101,F20,1,survived_horizon,,True,100,17.0,9.7,6.2,3.5,0,0.3,0,0,97,not observed before death/horizon,9.7,not observed before death/horizon,1.0,1.0,0.1,3.6,46.800000000000345,17.0,1060.0,False,True,10.0,45.00000000000034,47.0,1090.0,8.65000000000008,True,104.99999999999966,95.0,0.0,9.999999999999659,1163.0,1163.0,92.34999999999992,0.1801633998984471,99f9b927afa7d5c5,13fcb8e74e7c7b7e,valid
120,150,101,S0,2,captured,0.8,False,8,0.0,0.8,0.5,0.3,0,0,0,0,8,not observed before death/horizon,not observed before death/horizon,not observed before death/horizon,not observed before death/horizon,not observed before death/horizon,0.1,0.4,not observed before death/horizon,not observed before death/horizon,not observed before death/horizon,not observed before death/horizon,False,0.8,,,-0.0,200.0,False,0.7999999999999545,0.0,0.0,0.7999999999999545,120.0,120.0,-99.0,0.015160700073465705,0668d6289732fd20,0445b66e2f18b11f,valid
120,150,101,A10,2,captured,2.2,False,22,10.0,2.2,2.2,0,0,0,0,0,22,not observed before death/horizon,not observed before death/horizon,not observed before death/horizon,not observed before death/horizon,not observed before death/horizon,not observed before death/horizon,0.1,not observed before death/horizon,not observed before death/horizon,not observed before death/horizon,not observed before death/horizon,False,2.2,,,220.0,181.2000000000002,False,13.699999999999875,11.0,0.5,2.199999999999875,330.0,330.0,-80.20000000000019,0.032698099967092276,9ba67c98a5e4b8cf,25c814c0a80fbe47,valid
120,150,101,F10,2,captured,2.2,False,22,10.0,2.2,1.3,0.9,0,0,0,0,22,not observed before death/horizon,not observed before death/horizon,not observed before death/horizon,not observed before death/horizon,not observed before death/horizon,0.1,1.0,not observed before death/horizon,not observed before death/horizon,not observed before death/horizon,not observed before death/horizon,False,2.2,,,220.0,181.7000000000002,False,13.199999999999875,11.0,0.0,2.199999999999875,330.0,330.0,-80.70000000000019,0.039322600001469254,5972bec5ed9c09ae,d0c4eff76fe5b589,valid
120,150,101,A15,2,captured,9.0,False,90,14.0,9.0,9.0,0,0,0,0,0,90,not observed before death/horizon,not observed before death/horizon,not observed before death/horizon,1.7,1.7,not observed before death/horizon,0.1,not observed before death/horizon,not observed before death/horizon,not observed before death/horizon,not observed before death/horizon,False,9.0,,,980.0,59.00000000000048,False,94.4999999999996,85.0,0.5,8.999999999999602,1086.0,1086.0,41.99999999999952,0.14083759998902678,42142d1ed062210c,491fa8ec9a688c7e,valid
120,150,101,F15,2,captured,9.5,False,95,14.0,9.5,6.5,3.0,0,0,0,0,95,not observed before death/horizon,not observed before death/horizon,not observed before death/horizon,1.8,1.8,0.1,3.1,not observed before death/horizon,not observed before death/horizon,not observed before death/horizon,not observed before death/horizon,False,9.5,,,1035.0,51.250000000000455,False,99.49999999999963,90.0,0.0,9.49999999999963,1141.0,1141.0,49.749999999999545,0.16255699994508177,70812b483fe29f13,66919c7a010bee8d,valid
120,150,101,A20,2,survived_horizon,,True,100,17.0,9.7,9.7,0,0,0.3,0,0,97,not observed before death/horizon,9.7,not observed before death/horizon,1.0,1.0,not observed before death/horizon,0.1,46.30000000000034,17.0,1060.0,False,True,10.0,44.500000000000334,47.0,1090.0,8.65000000000008,True,105.49999999999966,95.0,0.5,9.999999999999659,1163.0,1163.0,92.34999999999992,0.1651236000470817,75c19a20bf10d2a7,5fbf21d2fa78c2c2,valid
120,150,101,F20,2,survived_horizon,,True,100,17.0,9.7,6.2,3.5,0,0.3,0,0,97,not observed before death/horizon,9.7,not observed before death/horizon,1.0,1.0,0.1,3.6,46.800000000000345,17.0,1060.0,False,True,10.0,45.00000000000034,47.0,1090.0,8.65000000000008,True,104.99999999999966,95.0,0.0,9.999999999999659,1163.0,1163.0,92.34999999999992,0.23150489991530776,99f9b927afa7d5c5,a0b157904ae4846f,valid
120,150,200,S0,0,captured,0.8,False,8,0.0,0.8,0.5,0.3,0,0,0,0,8,not observed before death/horizon,not observed before death/horizon,not observed before death/horizon,not observed before death/horizon,not observed before death/horizon,0.1,0.4,not observed before death/horizon,not observed before death/horizon,not observed before death/horizon,not observed before death/horizon,False,0.8,,,-0.0,200.0,False,0.7999999999999545,0.0,0.0,0.7999999999999545,120.0,120.0,0.0,0.01864869997370988,f3ccdbecc16706b6,73b5e389361f0783,valid
120,150,200,A10,0,captured,2.2,False,22,10.0,2.2,2.2,0,0,0,0,0,22,not observed before death/horizon,not observed before death/horizon,not observed before death/horizon,not observed before death/horizon,not observed before death/horizon,not observed before death/horizon,0.1,not observed before death/horizon,not observed before death/horizon,not observed before death/horizon,not observed before death/horizon,False,2.2,,,220.0,200.0,False,13.699999999999875,11.0,0.5,2.199999999999875,330.0,330.0,0.0,0.046340800006873906,f9dbb2b876193224,484bc91a992ffeb7,valid
120,150,200,F10,0,captured,2.2,False,22,10.0,2.2,1.3,0.9,0,0,0,0,22,not observed before death/horizon,not observed before death/horizon,not observed before death/horizon,not observed before death/horizon,not observed before death/horizon,0.1,1.0,not observed before death/horizon,not observed before death/horizon,not observed before death/horizon,not observed before death/horizon,False,2.2,,,220.0,200.0,False,13.199999999999875,11.0,0.0,2.199999999999875,330.0,330.0,0.0,0.057634899974800646,4e22a79908e4856e,174c177f6fb5a138,valid
120,150,200,A15,0,captured,3.8,False,38,10.0,3.8,3.8,0,0,0,0,0,38,not observed before death/horizon,not observed before death/horizon,not observed before death/horizon,1.7,1.7,not observed before death/horizon,0.1,not observed before death/horizon,not observed before death/horizon,not observed before death/horizon,not observed before death/horizon,False,3.8,,,460.0,189.79999999999993,False,63.299999999999784,59.0,0.5,3.799999999999784,570.0,570.0,10.200000000000074,0.1763255000114441,7e3e77ca8ed6e7f5,ce4f22144a6d3fdf,valid
120,150,200,F15,0,captured,3.9,False,39,10.0,3.9,1.3,2.6,0,0,0,0,39,not observed before death/horizon,not observed before death/horizon,not observed before death/horizon,1.8,1.8,0.1,2.7,not observed before death/horizon,not observed before death/horizon,not observed before death/horizon,not observed before death/horizon,False,3.9,,,475.0,184.64999999999992,False,65.89999999999978,62.0,0.0,3.8999999999997783,585.0,585.0,15.35000000000008,0.21315740002319217,363a8e22a8262ec5,6ac79bd82dd7178b,valid
120,150,200,A20,0,captured,4.0,False,40,10.0,4.0,4.0,0,0,0,0,0,40,not observed before death/horizon,not observed before death/horizon,not observed before death/horizon,1.0,1.0,not observed before death/horizon,0.1,not observed before death/horizon,not observed before death/horizon,not observed before death/horizon,not observed before death/horizon,False,4.0,,,490.0,178.49999999999994,False,69.49999999999977,65.0,0.5,3.9999999999997726,600.0,600.0,21.500000000000057,0.10161000001244247,10850596eab8b865,fdfafd2507d194c3,valid
120,150,200,F20,0,captured,4.0,False,40,10.0,4.0,1.3,2.7,0,0,0,0,40,not observed before death/horizon,not observed before death/horizon,not observed before death/horizon,1.0,1.0,0.1,2.8,not observed before death/horizon,not observed before death/horizon,not observed before death/horizon,not observed before death/horizon,False,4.0,,,490.0,178.99999999999994,False,68.99999999999977,65.0,0.0,3.9999999999997726,600.0,600.0,21.000000000000057,0.10581029998138547,71455c0a8fa0bd93,c1dd32657c1f0000,valid
120,150,200,S0,1,captured,0.8,False,8,0.0,0.8,0.5,0.3,0,0,0,0,8,not observed before death/horizon,not observed before death/horizon,not observed before death/horizon,not observed before death/horizon,not observed before death/horizon,0.1,0.4,not observed before death/horizon,not observed before death/horizon,not observed before death/horizon,not observed before death/horizon,False,0.8,,,-0.0,200.0,False,0.7999999999999545,0.0,0.0,0.7999999999999545,120.0,120.0,0.0,0.019571000011637807,f3ccdbecc16706b6,a439525432db2e1b,valid
120,150,200,A10,1,captured,2.2,False,22,10.0,2.2,2.2,0,0,0,0,0,22,not observed before death/horizon,not observed before death/horizon,not observed before death/horizon,not observed before death/horizon,not observed before death/horizon,not observed before death/horizon,0.1,not observed before death/horizon,not observed before death/horizon,not observed before death/horizon,not observed before death/horizon,False,2.2,,,220.0,200.0,False,13.699999999999875,11.0,0.5,2.199999999999875,330.0,330.0,0.0,0.04158229997847229,f9dbb2b876193224,3f9d9da0ad2c353d,valid
120,150,200,F10,1,captured,2.2,False,22,10.0,2.2,1.3,0.9,0,0,0,0,22,not observed before death/horizon,not observed before death/horizon,not observed before death/horizon,not observed before death/horizon,not observed before death/horizon,0.1,1.0,not observed before death/horizon,not observed before death/horizon,not observed before death/horizon,not observed before death/horizon,False,2.2,,,220.0,200.0,False,13.199999999999875,11.0,0.0,2.199999999999875,330.0,330.0,0.0,0.04170470009557903,4e22a79908e4856e,1f122cb34fdf1167,valid
120,150,200,A15,1,captured,3.8,False,38,10.0,3.8,3.8,0,0,0,0,0,38,not observed before death/horizon,not observed before death/horizon,not observed before death/horizon,1.7,1.7,not observed before death/horizon,0.1,not observed before death/horizon,not observed before death/horizon,not observed before death/horizon,not observed before death/horizon,False,3.8,,,460.0,189.79999999999993,False,63.299999999999784,59.0,0.5,3.799999999999784,570.0,570.0,10.200000000000074,0.0667185999918729,7e3e77ca8ed6e7f5,ddaafb09c66bb3ed,valid
120,150,200,F15,1,captured,3.9,False,39,10.0,3.9,1.3,2.6,0,0,0,0,39,not observed before death/horizon,not observed before death/horizon,not observed before death/horizon,1.8,1.8,0.1,2.7,not observed before death/horizon,not observed before death/horizon,not observed before death/horizon,not observed before death/horizon,False,3.9,,,475.0,184.64999999999992,False,65.89999999999978,62.0,0.0,3.8999999999997783,585.0,585.0,15.35000000000008,0.08681490004528314,363a8e22a8262ec5,85dd148cb8fc6d00,valid
120,150,200,A20,1,captured,4.0,False,40,10.0,4.0,4.0,0,0,0,0,0,40,not observed before death/horizon,not observed before death/horizon,not observed before death/horizon,1.0,1.0,not observed before death/horizon,0.1,not observed before death/horizon,not observed before death/horizon,not observed before death/horizon,not observed before death/horizon,False,4.0,,,490.0,178.49999999999994,False,69.49999999999977,65.0,0.5,3.9999999999997726,600.0,600.0,21.500000000000057,0.08134479995351285,10850596eab8b865,b010c41e9172b810,valid
120,150,200,F20,1,captured,4.0,False,40,10.0,4.0,1.3,2.7,0,0,0,0,40,not observed before death/horizon,not observed before death/horizon,not observed before death/horizon,1.0,1.0,0.1,2.8,not observed before death/horizon,not observed before death/horizon,not observed before death/horizon,not observed before death/horizon,False,4.0,,,490.0,178.99999999999994,False,68.99999999999977,65.0,0.0,3.9999999999997726,600.0,600.0,21.000000000000057,0.1268819000106305,71455c0a8fa0bd93,5b417a1b787df837,valid
120,150,200,S0,2,captured,0.8,False,8,0.0,0.8,0.5,0.3,0,0,0,0,8,not observed before death/horizon,not observed before death/horizon,not observed before death/horizon,not observed before death/horizon,not observed before death/horizon,0.1,0.4,not observed before death/horizon,not observed before death/horizon,not observed before death/horizon,not observed before death/horizon,False,0.8,,,-0.0,200.0,False,0.7999999999999545,0.0,0.0,0.7999999999999545,120.0,120.0,0.0,0.014946100069209933,f3ccdbecc16706b6,f8788d3f63069544,valid
120,150,200,A10,2,captured,2.2,False,22,10.0,2.2,2.2,0,0,0,0,0,22,not observed before death/horizon,not observed before death/horizon,not observed before death/horizon,not observed before death/horizon,not observed before death/horizon,not observed before death/horizon,0.1,not observed before death/horizon,not observed before death/horizon,not observed before death/horizon,not observed before death/horizon,False,2.2,,,220.0,200.0,False,13.699999999999875,11.0,0.5,2.199999999999875,330.0,330.0,0.0,0.04634800006169826,f9dbb2b876193224,aeea8601459eb15e,valid
120,150,200,F10,2,captured,2.2,False,22,10.0,2.2,1.3,0.9,0,0,0,0,22,not observed before death/horizon,not observed before death/horizon,not observed before death/horizon,not observed before death/horizon,not observed before death/horizon,0.1,1.0,not observed before death/horizon,not observed before death/horizon,not observed before death/horizon,not observed before death/horizon,False,2.2,,,220.0,200.0,False,13.199999999999875,11.0,0.0,2.199999999999875,330.0,330.0,0.0,0.055200900067575276,4e22a79908e4856e,8b20956646da99a2,valid
120,150,200,A15,2,captured,3.8,False,38,10.0,3.8,3.8,0,0,0,0,0,38,not observed before death/horizon,not observed before death/horizon,not observed before death/horizon,1.7,1.7,not observed before death/horizon,0.1,not observed before death/horizon,not observed before death/horizon,not observed before death/horizon,not observed before death/horizon,False,3.8,,,460.0,189.79999999999993,False,63.299999999999784,59.0,0.5,3.799999999999784,570.0,570.0,10.200000000000074,0.8053467000136152,7e3e77ca8ed6e7f5,1f8116bf363cb830,valid
120,150,200,F15,2,captured,3.9,False,39,10.0,3.9,1.3,2.6,0,0,0,0,39,not observed before death/horizon,not observed before death/horizon,not observed before death/horizon,1.8,1.8,0.1,2.7,not observed before death/horizon,not observed before death/horizon,not observed before death/horizon,not observed before death/horizon,False,3.9,,,475.0,184.64999999999992,False,65.89999999999978,62.0,0.0,3.8999999999997783,585.0,585.0,15.35000000000008,0.10841440001968294,363a8e22a8262ec5,a72bf7d352c0b2d3,valid
120,150,200,A20,2,captured,4.0,False,40,10.0,4.0,4.0,0,0,0,0,0,40,not observed before death/horizon,not observed before death/horizon,not observed before death/horizon,1.0,1.0,not observed before death/horizon,0.1,not observed before death/horizon,not observed before death/horizon,not observed before death/horizon,not observed before death/horizon,False,4.0,,,490.0,178.49999999999994,False,69.49999999999977,65.0,0.5,3.9999999999997726,600.0,600.0,21.500000000000057,0.10126819997094572,10850596eab8b865,e9d1ee52aa4417e2,valid
120,150,200,F20,2,captured,4.0,False,40,10.0,4.0,1.3,2.7,0,0,0,0,40,not observed before death/horizon,not observed before death/horizon,not observed before death/horizon,1.0,1.0,0.1,2.8,not observed before death/horizon,not observed before death/horizon,not observed before death/horizon,not observed before death/horizon,False,4.0,,,490.0,178.99999999999994,False,68.99999999999977,65.0,0.0,3.9999999999997726,600.0,600.0,21.000000000000057,0.11012430000118911,71455c0a8fa0bd93,15b6007221d17a98,valid
120,300,101,S0,0,captured,0.8,False,8,0.0,0.8,0.5,0.3,0,0,0,0,8,not observed before death/horizon,not observed before death/horizon,not observed before death/horizon,not observed before death/horizon,not observed before death/horizon,0.1,0.4,not observed before death/horizon,not observed before death/horizon,not observed before death/horizon,not observed before death/horizon,False,0.8,,,-0.0,200.0,False,0.8000000000001819,0.0,0.0,0.8000000000001819,120.0,120.0,-99.0,0.017191299935802817,c2e35e868eb93b8f,90897c28a8828842,valid
120,300,101,A10,0,captured,2.2,False,22,10.0,2.2,2.2,0,0,0,0,0,22,not observed before death/horizon,not observed before death/horizon,not observed before death/horizon,not observed before death/horizon,not observed before death/horizon,not observed before death/horizon,0.1,not observed before death/horizon,not observed before death/horizon,not observed before death/horizon,not observed before death/horizon,False,2.2,,,220.0,200.0,False,13.7000000000005,11.0,0.5,2.2000000000005002,330.0,330.0,-99.0,0.034793500090017915,51fc0a1ae344b5a9,c79924e744af34a1,valid
120,300,101,F10,0,captured,2.2,False,22,10.0,2.2,1.3,0.9,0,0,0,0,22,not observed before death/horizon,not observed before death/horizon,not observed before death/horizon,not observed before death/horizon,not observed before death/horizon,0.1,1.0,not observed before death/horizon,not observed before death/horizon,not observed before death/horizon,not observed before death/horizon,False,2.2,,,220.0,200.0,False,13.2000000000005,11.0,0.0,2.2000000000005002,330.0,330.0,-99.0,0.04227989993523806,af6f0d35c42836ca,9d046e73cd6b5846,valid
120,300,101,A15,0,survived_horizon,,True,100,120,0.0,5.3,0,4.3,0.4,0,0,96,5.4,9.6,not observed before death/horizon,6.6,6.6,not observed before death/horizon,0.1,79.40000000000015,262.9516192939375,1285.0,False,True,10.0,77.00000000000017,302.63668313955833,1325.0,11.83068072595254,True,222.99999999999983,212.5,0.5,9.99999999999983,1144.977555181069,1144.4324013448804,89.16931927404747,0.14169499999843538,c7f4be0d00d3d226,f5f8a826ff569f10,valid
120,300,101,F15,0,survived_horizon,,True,100,120,0.0,0,5.3,4.3,0.4,0,0,96,5.4,9.6,not observed before death/horizon,6.6,6.6,0.1,not observed before death/horizon,79.90000000000015,262.9516192939375,1285.0,False,True,10.0,77.50000000000017,302.63668313955833,1325.0,11.83068072595254,True,222.49999999999983,212.5,0.0,9.99999999999983,1144.977555181069,1144.4324013448804,89.16931927404747,0.16908120003063232,52c025b0f8af7672,8a8db510b2fdbed0,valid
120,300,101,A20,0,survived_horizon,,True,100,120,0.0,2.2,0,7.8,0,0,0,100,2.3,not observed before death/horizon,not observed before death/horizon,3.7,3.7,not observed before death/horizon,0.1,not observed before death/horizon,not observed before death/horizon,not observed before death/horizon,not observed before death/horizon,False,10.0,59.50000000000031,303.2221727270759,1360.0,1.375255250898814,False,240.4999999999997,230.0,0.5,9.999999999999687,1179.616371981017,1179.037533450111,99.62474474910118,0.15269810007885098,7285796d673de27a,837754dc2ca6094c,valid
120,300,101,F20,0,survived_horizon,,True,100,120,0.0,0,2.2,7.8,0,0,0,100,2.3,not observed before death/horizon,not observed before death/horizon,3.7,3.7,0.1,not observed before death/horizon,not observed before death/horizon,not observed before death/horizon,not observed before death/horizon,not observed before death/horizon,False,10.0,60.00000000000032,303.2221727270759,1360.0,1.375255250898814,False,239.9999999999997,230.0,0.0,9.999999999999687,1179.616371981017,1179.037533450111,99.62474474910118,0.16459639999084175,5fce5b3e7be9db5d,b60bd484477f5a27,valid
120,300,101,S0,1,captured,0.8,False,8,0.0,0.8,0.5,0.3,0,0,0,0,8,not observed before death/horizon,not observed before death/horizon,not observed before death/horizon,not observed before death/horizon,not observed before death/horizon,0.1,0.4,not observed before death/horizon,not observed before death/horizon,not observed before death/horizon,not observed before death/horizon,False,0.8,,,-0.0,200.0,False,0.8000000000001819,0.0,0.0,0.8000000000001819,120.0,120.0,-99.0,0.01649750000797212,c2e35e868eb93b8f,7803fe82e6334b03,valid
120,300,101,A10,1,captured,2.2,False,22,10.0,2.2,2.2,0,0,0,0,0,22,not observed before death/horizon,not observed before death/horizon,not observed before death/horizon,not observed before death/horizon,not observed before death/horizon,not observed before death/horizon,0.1,not observed before death/horizon,not observed before death/horizon,not observed before death/horizon,not observed before death/horizon,False,2.2,,,220.0,200.0,False,13.7000000000005,11.0,0.5,2.2000000000005002,330.0,330.0,-99.0,0.03569470008369535,51fc0a1ae344b5a9,6c992bc18abf27fc,valid
120,300,101,F10,1,captured,2.2,False,22,10.0,2.2,1.3,0.9,0,0,0,0,22,not observed before death/horizon,not observed before death/horizon,not observed before death/horizon,not observed before death/horizon,not observed before death/horizon,0.1,1.0,not observed before death/horizon,not observed before death/horizon,not observed before death/horizon,not observed before death/horizon,False,2.2,,,220.0,200.0,False,13.2000000000005,11.0,0.0,2.2000000000005002,330.0,330.0,-99.0,0.03902120003476739,af6f0d35c42836ca,1d131d5a40d93b70,valid
120,300,101,A15,1,survived_horizon,,True,100,120,0.0,5.3,0,4.3,0.4,0,0,96,5.4,9.6,not observed before death/horizon,6.6,6.6,not observed before death/horizon,0.1,79.40000000000015,286.92505415588374,1285.0,False,True,10.0,77.00000000000017,324.6142783363097,1325.0,11.857328928192665,True,222.99999999999983,212.5,0.5,9.99999999999983,1141.4790521148661,1136.8944625319205,89.14267107180734,0.15075060003437102,3e153a61bc3c884f,8ea793dd8390bf95,valid
120,300,101,F15,1,survived_horizon,,True,100,120,0.0,0,5.3,4.3,0.4,0,0,96,5.4,9.6,not observed before death/horizon,6.6,6.6,0.1,not observed before death/horizon,79.90000000000015,286.92505415588374,1285.0,False,True,10.0,77.50000000000017,324.6142783363097,1325.0,11.857328928192665,True,222.49999999999983,212.5,0.0,9.99999999999983,1141.4790521148661,1136.8944625319205,89.14267107180734,0.19516989996191114,8ece71bf2428a00c,77023769e35922ff,valid
120,300,101,A20,1,survived_horizon,,True,100,120,0.0,2.2,0,7.8,0,0,0,100,2.3,not observed before death/horizon,not observed before death/horizon,3.7,3.7,not observed before death/horizon,0.1,not observed before death/horizon,not observed before death/horizon,not observed before death/horizon,not observed before death/horizon,False,10.0,59.50000000000031,434.8744435096596,1360.0,1.3439914278135567,False,240.4999999999997,230.0,0.5,9.999999999999687,1170.368453539646,1138.8670727780225,99.65600857218644,0.1836951000150293,828b18d94cb5ea1e,3308ac413dbd69aa,valid
120,300,101,F20,1,survived_horizon,,True,100,120,0.0,0,2.2,7.8,0,0,0,100,2.3,not observed before death/horizon,not observed before death/horizon,3.7,3.7,0.1,not observed before death/horizon,not observed before death/horizon,not observed before death/horizon,not observed before death/horizon,not observed before death/horizon,False,10.0,60.00000000000032,434.8744435096596,1360.0,1.3439914278135567,False,239.9999999999997,230.0,0.0,9.999999999999687,1170.368453539646,1138.8670727780225,99.65600857218644,0.18821779999416322,749b96fb078263a8,43674a7d1f372c5f,valid
120,300,101,S0,2,captured,0.8,False,8,0.0,0.8,0.5,0.3,0,0,0,0,8,not observed before death/horizon,not observed before death/horizon,not observed before death/horizon,not observed before death/horizon,not observed before death/horizon,0.1,0.4,not observed before death/horizon,not observed before death/horizon,not observed before death/horizon,not observed before death/horizon,False,0.8,,,-0.0,200.0,False,0.8000000000001819,0.0,0.0,0.8000000000001819,120.0,120.0,-99.0,0.01890969998203218,c2e35e868eb93b8f,ebf9bb0144b1460d,valid
120,300,101,A10,2,captured,2.2,False,22,10.0,2.2,2.2,0,0,0,0,0,22,not observed before death/horizon,not observed before death/horizon,not observed before death/horizon,not observed before death/horizon,not observed before death/horizon,not observed before death/horizon,0.1,not observed before death/horizon,not observed before death/horizon,not observed before death/horizon,not observed before death/horizon,False,2.2,,,220.0,200.0,False,13.7000000000005,11.0,0.5,2.2000000000005002,330.0,330.0,-99.0,0.043478599982336164,51fc0a1ae344b5a9,deb222b6afffb5e5,valid
120,300,101,F10,2,captured,2.2,False,22,10.0,2.2,1.3,0.9,0,0,0,0,22,not observed before death/horizon,not observed before death/horizon,not observed before death/horizon,not observed before death/horizon,not observed before death/horizon,0.1,1.0,not observed before death/horizon,not observed before death/horizon,not observed before death/horizon,not observed before death/horizon,False,2.2,,,220.0,200.0,False,13.2000000000005,11.0,0.0,2.2000000000005002,330.0,330.0,-99.0,0.05726209993008524,af6f0d35c42836ca,a5db4d5607cb86dd,valid
120,300,101,A15,2,survived_horizon,,True,100,120,0.0,5.3,0,4.3,0.4,0,0,96,5.4,9.6,not observed before death/horizon,6.6,6.6,not observed before death/horizon,0.1,79.40000000000015,293.90964912801434,1285.0,False,True,10.0,77.00000000000017,331.2744021250408,1325.0,11.856023283500239,True,222.99999999999983,212.5,0.5,9.99999999999983,1138.4609053664,1133.001904340616,89.14397671649976,0.22614109993446618,97577f04105cf108,d8e3847e179add3d,valid
120,300,101,F15,2,survived_horizon,,True,100,120,0.0,0,5.3,4.3,0.4,0,0,96,5.4,9.6,not observed before death/horizon,6.6,6.6,0.1,not observed before death/horizon,79.90000000000015,293.90964912801434,1285.0,False,True,10.0,77.50000000000017,331.2744021250408,1325.0,11.856023283500239,True,222.49999999999983,212.5,0.0,9.99999999999983,1138.4609053664,1133.001904340616,89.14397671649976,0.1679903999902308,361449c5b589608a,f85de0300228717e,valid
120,300,101,A20,2,survived_horizon,,True,100,120,0.0,2.2,0,7.8,0,0,0,100,2.3,not observed before death/horizon,not observed before death/horizon,3.7,3.7,not observed before death/horizon,0.1,not observed before death/horizon,not observed before death/horizon,not observed before death/horizon,not observed before death/horizon,False,10.0,59.50000000000031,327.6225360640269,1360.0,1.3554982952703414,False,240.4999999999997,230.0,0.5,9.999999999999687,1157.7383708866187,1156.5613544885734,99.64450170472966,0.16613969998434186,7656aa268467bb20,ec0a75be0b3675f7,valid
120,300,101,F20,2,survived_horizon,,True,100,120,0.0,0,2.2,7.8,0,0,0,100,2.3,not observed before death/horizon,not observed before death/horizon,3.7,3.7,0.1,not observed before death/horizon,not observed before death/horizon,not observed before death/horizon,not observed before death/horizon,not observed before death/horizon,False,10.0,60.00000000000032,327.6225360640269,1360.0,1.3554982952703414,False,239.9999999999997,230.0,0.0,9.999999999999687,1157.7383708866187,1156.5613544885734,99.64450170472966,0.144156499998644,573b0053cc0533ea,fdf630df71b4f478,valid
120,300,200,S0,0,captured,0.8,False,8,0.0,0.8,0.5,0.3,0,0,0,0,8,not observed before death/horizon,not observed before death/horizon,not observed before death/horizon,not observed before death/horizon,not observed before death/horizon,0.1,0.4,not observed before death/horizon,not observed before death/horizon,not observed before death/horizon,not observed before death/horizon,False,0.8,,,-0.0,200.0,False,0.8000000000001819,0.0,0.0,0.8000000000001819,120.0,120.0,0.0,0.021759600029326975,c066aefb9ac3251d,07dde06560103c14,valid
120,300,200,A10,0,captured,2.2,False,22,10.0,2.2,2.2,0,0,0,0,0,22,not observed before death/horizon,not observed before death/horizon,not observed before death/horizon,not observed before death/horizon,not observed before death/horizon,not observed before death/horizon,0.1,not observed before death/horizon,not observed before death/horizon,not observed before death/horizon,not observed before death/horizon,False,2.2,,,220.0,200.0,False,13.7000000000005,11.0,0.5,2.2000000000005002,330.0,330.0,0.0,0.04699910001363605,390cdc6eeec0c9cb,442dea7560258704,valid
120,300,200,F10,0,captured,2.2,False,22,10.0,2.2,1.3,0.9,0,0,0,0,22,not observed before death/horizon,not observed before death/horizon,not observed before death/horizon,not observed before death/horizon,not observed before death/horizon,0.1,1.0,not observed before death/horizon,not observed before death/horizon,not observed before death/horizon,not observed before death/horizon,False,2.2,,,220.0,200.0,False,13.2000000000005,11.0,0.0,2.2000000000005002,330.0,330.0,0.0,0.03300900000613183,46aa772664df9b30,e463b22bfb0fb744,valid
120,300,200,A15,0,survived_horizon,,True,100,93.0,10.0,10.0,0,0,0,0,0,100,not observed before death/horizon,not observed before death/horizon,not observed before death/horizon,6.6,6.6,not observed before death/horizon,0.1,not observed before death/horizon,not observed before death/horizon,not observed before death/horizon,not observed before death/horizon,False,10.0,77.00000000000017,93.0,1325.0,18.9999999999998,False,222.99999999999983,212.5,0.5,9.99999999999983,1352.0,1352.0,181.0000000000002,0.17854110000189394,15c8456a9943dceb,47580ad3ce75203a,valid
120,300,200,F15,0,survived_horizon,,True,100,93.0,10.0,0,10.0,0,0,0,0,100,not observed before death/horizon,not observed before death/horizon,not observed before death/horizon,6.6,6.6,0.1,not observed before death/horizon,not observed before death/horizon,not observed before death/horizon,not observed before death/horizon,not observed before death/horizon,False,10.0,77.50000000000017,93.0,1325.0,18.9999999999998,False,222.49999999999983,212.5,0.0,9.99999999999983,1352.0,1352.0,181.0000000000002,0.2455496999900788,6532f8b5154610e2,af3bff543b2219c1,valid
120,300,200,A20,0,survived_horizon,,True,100,120,0.0,2.2,0,7.8,0,0,0,100,2.3,not observed before death/horizon,not observed before death/horizon,3.7,3.7,not observed before death/horizon,0.1,not observed before death/horizon,not observed before death/horizon,not observed before death/horizon,not observed before death/horizon,False,10.0,59.50000000000031,303.2221727270759,1360.0,100.37525525089832,False,240.4999999999997,230.0,0.5,9.999999999999687,1179.616371981017,1179.037533450111,99.62474474910168,0.16816300002392381,ebd1e3979f1dcb3e,1498b75261a7370d,valid
120,300,200,F20,0,survived_horizon,,True,100,120,0.0,0,2.2,7.8,0,0,0,100,2.3,not observed before death/horizon,not observed before death/horizon,3.7,3.7,0.1,not observed before death/horizon,not observed before death/horizon,not observed before death/horizon,not observed before death/horizon,not observed before death/horizon,False,10.0,60.00000000000032,303.2221727270759,1360.0,100.37525525089832,False,239.9999999999997,230.0,0.0,9.999999999999687,1179.616371981017,1179.037533450111,99.62474474910168,0.16634410002734512,9b159af9ddd972c6,6cade0f079368fd7,valid
120,300,200,S0,1,captured,0.8,False,8,0.0,0.8,0.5,0.3,0,0,0,0,8,not observed before death/horizon,not observed before death/horizon,not observed before death/horizon,not observed before death/horizon,not observed before death/horizon,0.1,0.4,not observed before death/horizon,not observed before death/horizon,not observed before death/horizon,not observed before death/horizon,False,0.8,,,-0.0,200.0,False,0.8000000000001819,0.0,0.0,0.8000000000001819,120.0,120.0,0.0,0.015645000035874546,c066aefb9ac3251d,01f1d583789f7c63,valid
120,300,200,A10,1,captured,2.2,False,22,10.0,2.2,2.2,0,0,0,0,0,22,not observed before death/horizon,not observed before death/horizon,not observed before death/horizon,not observed before death/horizon,not observed before death/horizon,not observed before death/horizon,0.1,not observed before death/horizon,not observed before death/horizon,not observed before death/horizon,not observed before death/horizon,False,2.2,,,220.0,200.0,False,13.7000000000005,11.0,0.5,2.2000000000005002,330.0,330.0,0.0,0.08845409995410591,390cdc6eeec0c9cb,c8fef2254f13ef7f,valid
120,300,200,F10,1,captured,2.2,False,22,10.0,2.2,1.3,0.9,0,0,0,0,22,not observed before death/horizon,not observed before death/horizon,not observed before death/horizon,not observed before death/horizon,not observed before death/horizon,0.1,1.0,not observed before death/horizon,not observed before death/horizon,not observed before death/horizon,not observed before death/horizon,False,2.2,,,220.0,200.0,False,13.2000000000005,11.0,0.0,2.2000000000005002,330.0,330.0,0.0,0.038055600016377866,46aa772664df9b30,18e065345f63d76b,valid
120,300,200,A15,1,survived_horizon,,True,100,93.0,10.0,10.0,0,0,0,0,0,100,not observed before death/horizon,not observed before death/horizon,not observed before death/horizon,6.6,6.6,not observed before death/horizon,0.1,not observed before death/horizon,not observed before death/horizon,not observed before death/horizon,not observed before death/horizon,False,10.0,77.00000000000017,93.0,1325.0,18.9999999999998,False,222.99999999999983,212.5,0.5,9.99999999999983,1352.0,1352.0,181.0000000000002,0.17059390002395958,15c8456a9943dceb,cf92eac4cdf9f2fe,valid
120,300,200,F15,1,survived_horizon,,True,100,93.0,10.0,0,10.0,0,0,0,0,100,not observed before death/horizon,not observed before death/horizon,not observed before death/horizon,6.6,6.6,0.1,not observed before death/horizon,not observed before death/horizon,not observed before death/horizon,not observed before death/horizon,not observed before death/horizon,False,10.0,77.50000000000017,93.0,1325.0,18.9999999999998,False,222.49999999999983,212.5,0.0,9.99999999999983,1352.0,1352.0,181.0000000000002,0.15865909995045513,6532f8b5154610e2,dc47f5a8a1cc5acc,valid
120,300,200,A20,1,survived_horizon,,True,100,120,0.0,2.2,0,7.8,0,0,0,100,2.3,not observed before death/horizon,not observed before death/horizon,3.7,3.7,not observed before death/horizon,0.1,not observed before death/horizon,not observed before death/horizon,not observed before death/horizon,not observed before death/horizon,False,10.0,59.50000000000031,434.8744435096596,1360.0,100.34399142781308,False,240.4999999999997,230.0,0.5,9.999999999999687,1170.368453539646,1138.8670727780225,99.65600857218692,0.157931900001131,6f18908cd8818837,d7dd9681b6a92bd5,valid
120,300,200,F20,1,survived_horizon,,True,100,120,0.0,0,2.2,7.8,0,0,0,100,2.3,not observed before death/horizon,not observed before death/horizon,3.7,3.7,0.1,not observed before death/horizon,not observed before death/horizon,not observed before death/horizon,not observed before death/horizon,not observed before death/horizon,False,10.0,60.00000000000032,434.8744435096596,1360.0,100.34399142781308,False,239.9999999999997,230.0,0.0,9.999999999999687,1170.368453539646,1138.8670727780225,99.65600857218692,0.14726579992566258,79ef8c0461cb47eb,7553e11ec6cad7c5,valid
120,300,200,S0,2,captured,0.8,False,8,0.0,0.8,0.5,0.3,0,0,0,0,8,not observed before death/horizon,not observed before death/horizon,not observed before death/horizon,not observed before death/horizon,not observed before death/horizon,0.1,0.4,not observed before death/horizon,not observed before death/horizon,not observed before death/horizon,not observed before death/horizon,False,0.8,,,-0.0,200.0,False,0.8000000000001819,0.0,0.0,0.8000000000001819,120.0,120.0,0.0,0.024690199992619455,c066aefb9ac3251d,adbe734175fd2e0e,valid
120,300,200,A10,2,captured,2.2,False,22,10.0,2.2,2.2,0,0,0,0,0,22,not observed before death/horizon,not observed before death/horizon,not observed before death/horizon,not observed before death/horizon,not observed before death/horizon,not observed before death/horizon,0.1,not observed before death/horizon,not observed before death/horizon,not observed before death/horizon,not observed before death/horizon,False,2.2,,,220.0,200.0,False,13.7000000000005,11.0,0.5,2.2000000000005002,330.0,330.0,0.0,0.04149659990798682,390cdc6eeec0c9cb,baebfac9195965c7,valid
120,300,200,F10,2,captured,2.2,False,22,10.0,2.2,1.3,0.9,0,0,0,0,22,not observed before death/horizon,not observed before death/horizon,not observed before death/horizon,not observed before death/horizon,not observed before death/horizon,0.1,1.0,not observed before death/horizon,not observed before death/horizon,not observed before death/horizon,not observed before death/horizon,False,2.2,,,220.0,200.0,False,13.2000000000005,11.0,0.0,2.2000000000005002,330.0,330.0,0.0,0.03661459998693317,46aa772664df9b30,ec214f95148e9c8d,valid
120,300,200,A15,2,survived_horizon,,True,100,93.0,10.0,10.0,0,0,0,0,0,100,not observed before death/horizon,not observed before death/horizon,not observed before death/horizon,6.6,6.6,not observed before death/horizon,0.1,not observed before death/horizon,not observed before death/horizon,not observed before death/horizon,not observed before death/horizon,False,10.0,77.00000000000017,93.0,1325.0,18.9999999999998,False,222.99999999999983,212.5,0.5,9.99999999999983,1352.0,1352.0,181.0000000000002,0.17808209999930114,15c8456a9943dceb,aab46eb10e6ca4d3,valid
120,300,200,F15,2,survived_horizon,,True,100,93.0,10.0,0,10.0,0,0,0,0,100,not observed before death/horizon,not observed before death/horizon,not observed before death/horizon,6.6,6.6,0.1,not observed before death/horizon,not observed before death/horizon,not observed before death/horizon,not observed before death/horizon,not observed before death/horizon,False,10.0,77.50000000000017,93.0,1325.0,18.9999999999998,False,222.49999999999983,212.5,0.0,9.99999999999983,1352.0,1352.0,181.0000000000002,0.21598550002090633,6532f8b5154610e2,4de38aec8480c908,valid
120,300,200,A20,2,survived_horizon,,True,100,120,0.0,2.2,0,7.8,0,0,0,100,2.3,not observed before death/horizon,not observed before death/horizon,3.7,3.7,not observed before death/horizon,0.1,not observed before death/horizon,not observed before death/horizon,not observed before death/horizon,not observed before death/horizon,False,10.0,59.50000000000031,327.6225360640269,1360.0,100.35549829526983,False,240.4999999999997,230.0,0.5,9.999999999999687,1157.7383708866187,1156.5613544885734,99.64450170473017,0.19133140007033944,2eb5fe2061aeb9e4,71a42d75bb6bb72a,valid
120,300,200,F20,2,survived_horizon,,True,100,120,0.0,0,2.2,7.8,0,0,0,100,2.3,not observed before death/horizon,not observed before death/horizon,3.7,3.7,0.1,not observed before death/horizon,not observed before death/horizon,not observed before death/horizon,not observed before death/horizon,not observed before death/horizon,False,10.0,60.00000000000032,327.6225360640269,1360.0,100.35549829526983,False,239.9999999999997,230.0,0.0,9.999999999999687,1157.7383708866187,1156.5613544885734,99.64450170473017,0.1659013000316918,9eb58b5cb60a9e68,20948c69ba5cd8b4,valid
